{
  "contacts": [
    {
      "name": "aghasiya",
      "email": "asiya@gmail.com",
      "mobile": "4434838",
      "groupid": "4",
      "photo_url": "https://cdn.pixabay.com/photo/2020/07/01/12/58/icon-5359553_1280.png",
      "id": 3
    }
  ],
  "groups": [
    {
      "id": "1",
      "name": "Collegue"
    },
    {
      "id": "2",
      "name": "Family"
    },
    {
      "id": "3",
      "name": "Friend"
    },
    {
      "id": "4",
      "name": "Service"
    },
    {
      "id": "5",
      "name": "Social"
    }
  ]
}